{
  "queryPath": "projects",
  "mutation": "ORDER",
  "query": "GET_ORDER_GEOMETRY",
  "chapters": [
    {
      "lookUpBy": "CPS",
      "queryPath": "projects.0.descriptions",
      "findByIndex": true,
      "pages": [
        {
          "pageTitle": "Description",
          "pageName": "description",
          "queryPath": "projects.0.descriptions",
          "findByIndex": true,
          "fields": [
            {
              "fieldName": "geometry",
              "label": "Geometry",
              "select": "select",
              "subtext": "Subtext",
              "options": ["", "Mould", "Coated Item"]
            },
            {
              "fieldName": "description",
              "label": "Description",
              "placeholder": "Placeholder",
              "feedback": "Enter valid number.",
              "subtext": "Accepts any value"
            },
            {
              "fieldName": "ifsActivityCodes",
              "label": "IFS Activity Codes",
              "placeholder": "Placeholder",
              "feedback": "Enter valid number.",
              "unit": "Unit",
              "subtext": "Accepts any value"
            },
            {
              "fieldName": "CPS",
              "label": "CPS",
              "placeholder": "Placeholder",
              "feedback": "Enter valid number.",
              "subtext": "Accepts any value"
            }
          ]
        },
        {
          "pageTitle": "Add File",
          "firstQueryPath": "projects.0.descriptions",
          "secondQueryPath": "uploadFile",
          "pageName": "uploadFile",
          "getForeignKey": true,
          "fields": [
            {
              "fieldName": "itemsId",
              "type": "file",
              "label": "Image",
              "multipleFiles": true
            }
          ]
        }
      ]
    },
    {
      "chapterAlwaysInWrite": true,
      "firstQueryPath": "projects.0.descriptions",
      "secondQueryPath": "items",
      "pages": [
        {
          "pageTitle": "Add item",
          "pageName": "item",
          "firstQueryPath": "projects.0.descriptions",
          "secondQueryPath": "items",
          "createWithOldValue": true,
          "createWithValueLast": true,
          "getForeignKey": true,
          "fields": [
            {
              "fieldName": "itemId",
              "label": "Item ID",
              "subtext": "Subtext"
            }
          ]
        }
      ]
    }
  ]
}
