{
  "queryPath": "leadEngineers",
  "mutation": "LEADENGINEER",
  "query": "GET_LEAD_ENGINEER",
  "chapters": [
    {
      "lookUpBy": "primer1",
      "queryPath": "leadEngineers",
      "pages": [
        {
          "pageTitle": "Steel Preparation",
          "queryPath": "leadEngineers",
          "pageName": "leadEngineer",
          "fields": [
            {
              "fieldName": "steel",
              "label": "Steel",
              "placeholder": "Placeholder",
              "feedback": "Enter valid number.",
              "subtext": "Subtext",
              "select": "select",
              "options": ["", "Carbon", "Duplex"]
            },
            {
              "fieldName": "blastMedia",
              "label": "Blast Media",
              "placeholder": "Placeholder",
              "feedback": "Enter valid number.",
              "unit": "Unit",
              "subtext": "Subtext",
              "select": "select",
              "options": ["", "Garnet", "Grit", "Aluminum Oxide"]
            },
            {
              "fieldName": "relativeHumidityt",
              "label": "Relative Humidity",
              "placeholder": "Placeholder",
              "feedback": "Enter valid number.",
              "subtext": "Accepts any value",
              "default": 85,
              "type": "Number"
            },
            {
              "fieldName": "airTemperature",
              "label": "Air Temperature",
              "placeholder": "Placeholder",
              "feedback": "Enter valid number.",
              "subtext": "Accepts any value",
              "default": 15,
              "type": "Number"
            },
            {
              "fieldName": "steelTemperature",
              "label": "Steel Temperature",
              "placeholder": "Placeholder",
              "feedback": "Enter valid number.",
              "subtext": "Accepts any value",
              "default": 15,
              "type": "Number"
            },
            {
              "fieldName": "temperatureOverDewPoint",
              "label": "Temperature over Dew Point",
              "placeholder": "Placeholder",
              "feedback": "Enter valid number.",
              "subtext": "Accepts any value",
              "default": 15,
              "type": "Number"
            },
            {
              "fieldName": "blastMediaConductivity",
              "label": "Blast Media Conductivity",
              "placeholder": "Placeholder",
              "feedback": "Enter valid number.",
              "subtext": "Accepts any value",
              "type": "Number"
            },
            {
              "fieldName": "surfaceProfileMin",
              "label": "Surface Profile (Roughness)",
              "placeholder": "Min",
              "feedback": "Enter valid number.",
              "subtext": "Accepts any value",
              "default": 50,
              "type": "Number"
            },
            {
              "fieldName": "surfaceProfileMax",
              "label": "Surface Profile (Roughness)",
              "placeholder": "Max",
              "feedback": "Enter valid number.",
              "subtext": "Accepts any value",
              "default": 100,
              "type": "Number"
            },
            {
              "fieldName": "solubleSaltLevel",
              "label": "Soluble Salt Level",
              "feedback": "Enter valid number.",
              "subtext": "Accepts any value",
              "default": 20,
              "type": "Number"
            },
            {
              "fieldName": "inspectionOfSteelSurface",
              "label": "Inspection of Steel Surface",
              "feedback": "Enter valid number.",
              "subtext": "Accepts any value",
              "type": "checkbox"
            },
            {
              "fieldName": "compressedAirCheck",
              "label": "Compressed Air Check",
              "placeholder": "Min",
              "feedback": "Enter valid number.",
              "subtext": "Accepts any value",
              "type": "checkbox"
            },
            {
              "fieldName": "surfaceCleanliness",
              "label": "Surface Cleanliness",
              "placeholder": "Max",
              "feedback": "Enter valid number.",
              "subtext": "Accepts any value",
              "type": "checkbox"
            },
            {
              "fieldName": "uvTest",
              "label": "UV Test",
              "feedback": "Enter valid number.",
              "subtext": "Accepts any value",
              "type": "checkbox"
            }
          ]
        },
        {
          "pageTitle": "Custom Test",
          "queryPath": "leadEngineers.0.customSteelPreparations",
          "pageName": "customSteelPreparation",
          "repeat": true,
          "delete": true,
          "addButton": "Add Custom Test",
          "fields": [
            {
              "fieldName": "nameOfTest",
              "label": "Name of Test",
              "placeholder": "Min",
              "feedback": "Enter valid number.",
              "subtext": "Accepts any value"
            },
            {
              "fieldName": "criteria",
              "label": "Criteria",
              "placeholder": "Max",
              "feedback": "Enter valid number.",
              "subtext": "Accepts any value"
            },
            {
              "fieldName": "standard",
              "label": "Standard",
              "feedback": "Enter valid number.",
              "subtext": "Accepts any value"
            }
          ]
        },
        {
          "pageTitle": "Priming",
          "queryPath": "leadEngineers",
          "pageName": "leadEngineer",
          "fields": [
            {
              "fieldName": "primer1",
              "label": "Primer 1",
              "placeholder": "Min",
              "feedback": "Enter valid number.",
              "subtext": "Accepts any value",
              "select": "select",
              "options": [
                "None",
                "Chemosil 211",
                "Chemosil 231",
                "Chemosil 360",
                "Chemosil 411"
              ]
            },
            {
              "fieldName": "primer2",
              "label": "Primer 2",
              "placeholder": "Max",
              "feedback": "Enter valid number.",
              "subtext": "Accepts any value",
              "select": "select",
              "options": [
                "None",
                "Chemosil 211",
                "Chemosil 231",
                "Chemosil 360",
                "Chemosil 411"
              ]
            },
            {
              "fieldName": "rubberCementsBeforeCoating",
              "label": "Rubber Cement Before Coating",
              "feedback": "Enter valid number.",
              "subtext": "Accepts any value",
              "select": "select",
              "options": ["None", "75051", "Soap"]
            }
          ]
        }
      ]
    },
    {
      "lookUpBy": "numberOfLayers",
      "queryPath": "leadEngineers.0.vulcanizationSteps",
      "pages": [
        {
          "pageTitle": "Coating and Vulcanzation",
          "query": "GET_LEAD_ENGINEER",
          "queryPath": "leadEngineers",
          "pageName": "leadEngineer",
          "mutation": "LEADENGINEER",
          "fields": [
            {
              "fieldName": "targetDescriptionValue",
              "label": "TDV (Target Description Value)",
              "placeholder": "Min",
              "feedback": "Enter valid number.",
              "subtext": "Accepts any value",
              "select": "select",
              "options": ["", "OD", "ID"]
            },
            {
              "fieldName": "actualSteelTDV",
              "label": "Actual Steel {TDV}",
              "queryNameVariableLabel": "leadEngineer",
              "fieldNameVariableLabel": "targetDescriptionValue",
              "indexVariableLabel": 0,
              "placeholder": "Max",
              "feedback": "Enter valid number.",
              "subtext": "Accepts any value",
              "type": "number"
            },
            {
              "fieldName": "orderedTotalRubberThicknes",
              "label": "Ordered Total Rubber Thicknes",
              "feedback": "Enter valid number.",
              "subtext": "Accepts any value",
              "type": "number"
            },
            {
              "fieldName": "toleranceMin",
              "label": "Tolerance Min",
              "feedback": "Enter valid number.",
              "subtext": "Accepts any value",
              "prepend": "Min",
              "type": "number"
            },
            {
              "fieldName": "toleranceMinPercent",
              "label": "Tolerance Min in Percent",
              "math": "mathToleranceMinPercent",
              "readOnly": true,
              "type": "Number",
              "min": 2
            },
            {
              "fieldName": "toleranceMax",
              "label": "Tolerance Max",
              "feedback": "Enter valid number.",
              "subtext": "Accepts any value",
              "prepend": "Max",
              "type": "number"
            },
            {
              "fieldName": "toleranceMaxPercent",
              "label": "Tolerance Max in Percent",
              "math": "mathToleranceMaxPercent",
              "readOnly": true,
              "type": "Number",
              "max": 6
            },
            {
              "fieldName": "measurementPoint",
              "label": "Measurement Points",
              "feedback": "Enter valid number.",
              "subtext": "Accepts any value",
              "maxInput": 22,
              "max": 22
            }
          ]
        },
        {
          "pageTitle": "Measurement Point Actual",
          "queryPath": "leadEngineers.0.measurementPointActualTvds",
          "pageName": "measurementPointActualTvd",
          "repeat": true,
          "notAddButton": true,
          "repeatGroupWithPageName": "leadEngineer",
          "repeatGroupWithFieldName": "measurementPoint",
          "fields": [
            {
              "fieldName": "measurementPointActual",
              "label": "Measurement Point Actual",
              "feedback": "Enter valid number.",
              "subtext": "Accepts any value",
              "type": "number"
            }
          ]
        },
        {
          "pageTitle": "Rubber Cement",
          "queryPath": "leadEngineers.0.rubberCements",
          "pageName": "rubberCement",
          "repeat": true,
          "delete": true,
          "addButton": "Add Rubber Cement",
          "fields": [
            {
              "fieldName": "rubberCement",
              "label": "Rubber Cement",
              "feedback": "Enter valid number.",
              "notLabel": true,
              "type": "number"
            }
          ]
        },
        {
          "pageName": "vulcanizationStep",
          "queryPath": "leadEngineers.0.vulcanizationSteps",
          "repeat": true,
          "repeatStartWithOneGroup": true,
          "delete": true,
          "pageTitle": "Vulcanization Steps",
          "indexVariableFieldGroupRepeatTitle": true,
          "fieldGroupRepeatTitle": "Step {}",
          "fields": [
            {
              "fieldName": "vulcanizationOption",
              "label": "Vulcanization Option",
              "feedback": "Enter valid number.",
              "subtext": "Accepts any value",
              "select": "select",
              "options": [
                "",
                "Air Autoclave",
                "Heating Blankets",
                "Heating Cables",
                "Hot Air",
                "Steam Autoclave"
              ]
            },
            {
              "fieldName": "programNumber",
              "label": "Program Number",
              "feedback": "Enter valid number.",
              "subtext": "Accepts any value",
              "type": "Number"
            },
            {
              "fieldName": "numberOfLayers",
              "label": "Number of Layers",
              "feedback": "Enter valid number.",
              "subtext": "Accepts any value",
              "type": "Number"
            }
          ]
        }
      ]
    },
    {
      "lookUpBy": "actualThicknes",
      "queryPath": "leadEngineers.0.coatingLayers",
      "pages": [
        {
          "pageTitle": "Coating Layer",
          "queryPath": "leadEngineers.0.coatingLayers",
          "pageName": "coatingLayer",
          "repeat": true,
          "notAddButton": true,
          "sumAllPage": true,
          "repeatGroupWithChapter": -1,
          "repeatGroupWithPageName": "vulcanizationStep",
          "repeatGroupWithFieldName": "numberOfLayers",
          "fields": [
            {
              "fieldName": "layer",
              "label": "Layer",
              "readOnly": true,
              "setValueByIndex": true,
              "type": "Number",
              "textCenter": true
            },
            { "line": true },
            {
              "fieldName": "compoundNumber",
              "label": "Compound Number",
              "select": "select",
              "options": ["Compound Number", 73165]
            },
            {
              "fieldName": "actualThicknes",
              "label": "Actual Thicknes",
              "feedback": "Enter valid number.",
              "type": "Number",
              "min": 2,
              "max": 4,
              "unit": "mm",
              "decimal": 2,
              "required": true
            },
            {
              "fieldName": "shrink",
              "label": "Shrink",
              "feedback": "Enter valid number.",
              "subtext": "Accepts any value",
              "type": "Number",
              "max": 15,
              "min": 2,
              "required": true
            },
            {
              "fieldName": "proposedThicknes",
              "label": "Proposed Thicknes",
              "math": "mathProposedThicknes",
              "min": 2,
              "max": 4,
              "unit": "mm",
              "readOnly": true,
              "decimal": 1,
              "type": "Number"
            },
            {
              "fieldName": "layersUnique",
              "label": "Layers Unique",
              "feedback": "Enter valid number.",
              "subtext": "Accepts any value",
              "type": "checkbox"
            },
            {
              "fieldName": "cumulativeThicknes",
              "label": "Cumulative Thicknes",
              "math": "mathCumulativeThicknes",
              "readOnly": true,
              "decimal": 1,
              "type": "Number"
            },
            { "line": true }
          ]
        }
      ]
    }
  ]
}
