{
  "queryPath": "projects",
  "mutation": "ORDER",
  "query": "GET_ORDER",
  "chapters": [
    {
      "chapterAlwaysInWrite": true,
      "pages": [
        {
          "queryPath": "projects",
          "pageTitle": "Order",
          "findByIndex": true,
          "pageName": "project",
          "fields": [
            {
              "fieldName": "projectName",
              "label": "Text 1",
              "placeholder": "Placeholder",
              "feedback": "Enter valid number.",
              "subtext": "Accepts any value"
            },
            {
              "fieldName": "projectNumber",
              "label": "Text 2",
              "placeholder": "Placeholder",
              "feedback": "Enter valid number.",
              "unit": "Unit",
              "subtext": "Accepts any value"
            },
            {
              "fieldName": "client",
              "label": "Text 3",
              "placeholder": "Placeholder",
              "feedback": "Enter valid number.",
              "subtext": "Accepts any value"
            },
            {
              "fieldName": "itpDocumentNumber",
              "label": "Text 4",
              "placeholder": "Placeholder",
              "feedback": "Enter valid number.",
              "subtext": "Accepts any value"
            },
            {
              "fieldName": "projectManager",
              "label": "Text 5",
              "select": "select",
              "subtext": "Subtext",
              "options": ["Option 1", "Option 2", "Option 3"]
            },
            {
              "fieldName": "supervisor",
              "label": "Text 6",
              "select": "select",
              "subtext": "Subtext",
              "options": ["Option 1", "Option 2", "Option 3"]
            },
            {
              "fieldName": "leadEngineer",
              "label": "Text 7",
              "select": "select",
              "subtext": "Subtext",
              "options": ["Option 1", "Option 2", "Option 3"]
            },
            {
              "fieldName": "supervisingEngineer",
              "label": "Text 8",
              "select": "select",
              "subtext": "Subtext",
              "options": ["Option 1", "Option 2", "Option 3"]
            },
            {
              "fieldName": "qualityControl",
              "label": "Text 9",
              "placeholder": "Placeholder",
              "feedback": "Enter valid number.",
              "subtext": "Accepts any value"
            },
            {
              "fieldName": "numberOfDescriptions",
              "label": "Text 10",
              "placeholder": "Placeholder",
              "feedback": "Enter valid number.",
              "subtext": "Accepts any value",
              "type": "Number",
              "required": true
            },
            {
              "fieldName": "totalNumberOfItems",
              "label": "Text 11",
              "placeholder": "Placeholder",
              "feedback": "Enter valid number.",
              "subtext": "Accepts any value",
              "type": "Number",
              "required": true
            }
          ]
        }
      ]
    }
  ]
}
